{"lr": 9.999999999999961e-05, "class_error": 100.0, "loss": 54.69441078186035, "loss_ce": 2.1880925850868227, "loss_bbox": 3.78175940322876, "loss_giou": 3.06281401348114, "loss_ce_0": 2.1994873509407045, "loss_bbox_0": 4.203803304672241, "loss_giou_0": 3.1005106506347655, "loss_ce_1": 2.193471573352814, "loss_bbox_1": 3.688949140548706, "loss_giou_1": 2.9673052196502687, "loss_ce_2": 2.185778225898743, "loss_bbox_2": 3.8449788322448732, "loss_giou_2": 3.014397449493408, "loss_ce_3": 2.184083301067352, "loss_bbox_3": 3.684219160079956, "loss_giou_3": 2.9590164470672606, "loss_ce_4": 2.1873196830749513, "loss_bbox_4": 4.1502056436538695, "loss_giou_4": 3.0982187061309814, "loss_ce_unscaled": 2.1880925850868227, "class_error_unscaled": 100.0, "loss_bbox_unscaled": 0.7563518800735474, "loss_giou_unscaled": 1.53140700674057, "cardinality_error_unscaled": 7.466, "loss_ce_0_unscaled": 2.1994873509407045, "loss_bbox_0_unscaled": 0.8407606627941132, "loss_giou_0_unscaled": 1.5502553253173827, "cardinality_error_0_unscaled": 7.466, "loss_ce_1_unscaled": 2.193471573352814, "loss_bbox_1_unscaled": 0.7377898283004761, "loss_giou_1_unscaled": 1.4836526098251344, "cardinality_error_1_unscaled": 7.466, "loss_ce_2_unscaled": 2.185778225898743, "loss_bbox_2_unscaled": 0.7689957666397095, "loss_giou_2_unscaled": 1.507198724746704, "cardinality_error_2_unscaled": 7.466, "loss_ce_3_unscaled": 2.184083301067352, "loss_bbox_3_unscaled": 0.7368438318967819, "loss_giou_3_unscaled": 1.4795082235336303, "cardinality_error_3_unscaled": 7.466, "loss_ce_4_unscaled": 2.1873196830749513, "loss_bbox_4_unscaled": 0.8300411286354065, "loss_giou_4_unscaled": 1.5491093530654907, "cardinality_error_4_unscaled": 7.466, "_timestamp": 1695102239.2263172, "_runtime": 178.72097826004028, "_step": 55, "epoch": 0, "IoU=0.5:0.95": 1.707014282144675e-09, "IoU=0.5": 1.1380095214297832e-08, "IoU=0.75": 0.0, "small": 0.0, "medium": 1.707014282144675e-09, "large": 0.0, "coco_eval_bbox": [1.707014282144675e-09, 1.1380095214297832e-08, 0.0, 0.0, 1.707014282144675e-09, 0.0, 1.7175343077477972e-06, 1.7175343077477972e-06, 1.7175343077477972e-06, 0.0, 4.7887368908327615e-06, 0.0], "_wandb": {"runtime": 304}}