{"training_lr": 0.0001, "training_class_error": 100.0, "training_loss": 33.96328353881836, "training_loss_ce": 2.257645606994629, "training_loss_bbox": 1.2642064094543457, "training_loss_giou": 1.965173602104187, "training_loss_ce_0": 2.25970721244812, "training_loss_bbox_0": 1.5239331722259521, "training_loss_giou_0": 2.263423204421997, "training_loss_ce_1": 2.237948417663574, "training_loss_bbox_1": 1.3145580291748047, "training_loss_giou_1": 2.0748777389526367, "training_loss_ce_2": 2.2481565475463867, "training_loss_bbox_2": 1.430091381072998, "training_loss_giou_2": 2.1538753509521484, "training_loss_ce_3": 2.2903456687927246, "training_loss_bbox_3": 1.2125533819198608, "training_loss_giou_3": 1.8716481924057007, "training_loss_ce_4": 2.2991321086883545, "training_loss_bbox_4": 1.256359338760376, "training_loss_giou_4": 2.039647340774536, "training_loss_ce_unscaled": 2.257645606994629, "training_class_error_unscaled": 100.0, "training_loss_bbox_unscaled": 0.2528412938117981, "training_loss_giou_unscaled": 0.9825868010520935, "training_cardinality_error_unscaled": 10.25, "training_loss_ce_0_unscaled": 2.25970721244812, "training_loss_bbox_0_unscaled": 0.3047866225242615, "training_loss_giou_0_unscaled": 1.1317116022109985, "training_cardinality_error_0_unscaled": 10.25, "training_loss_ce_1_unscaled": 2.237948417663574, "training_loss_bbox_1_unscaled": 0.2629116177558899, "training_loss_giou_1_unscaled": 1.0374388694763184, "training_cardinality_error_1_unscaled": 10.25, "training_loss_ce_2_unscaled": 2.2481565475463867, "training_loss_bbox_2_unscaled": 0.2860182821750641, "training_loss_giou_2_unscaled": 1.0769376754760742, "training_cardinality_error_2_unscaled": 10.25, "training_loss_ce_3_unscaled": 2.2903456687927246, "training_loss_bbox_3_unscaled": 0.24251067638397217, "training_loss_giou_3_unscaled": 0.9358240962028503, "training_cardinality_error_3_unscaled": 10.25, "training_loss_ce_4_unscaled": 2.2991321086883545, "training_loss_bbox_4_unscaled": 0.2512718737125397, "training_loss_giou_4_unscaled": 1.019823670387268, "training_cardinality_error_4_unscaled": 10.25, "_timestamp": 1695109874.2676942, "_runtime": 1628.8618443012238, "_step": 737, "validating_class_error": 100.0, "validating_loss": 57.81820297241211, "validating_loss_ce": 2.820692539215088, "validating_loss_bbox": 3.6510086059570312, "validating_loss_giou": 3.0608935356140137, "validating_loss_ce_0": 2.948352336883545, "validating_loss_bbox_0": 3.2993552684783936, "validating_loss_giou_0": 3.2543771266937256, "validating_loss_ce_1": 2.8755710124969482, "validating_loss_bbox_1": 4.083270072937012, "validating_loss_giou_1": 3.214909553527832, "validating_loss_ce_2": 2.865638017654419, "validating_loss_bbox_2": 3.5254430770874023, "validating_loss_giou_2": 3.2266623973846436, "validating_loss_ce_3": 2.877974033355713, "validating_loss_bbox_3": 3.6478688716888428, "validating_loss_giou_3": 3.3279552459716797, "validating_loss_ce_4": 2.8422164916992188, "validating_loss_bbox_4": 3.4078750610351562, "validating_loss_giou_4": 2.8881402015686035, "validating_loss_ce_unscaled": 2.820692539215088, "validating_class_error_unscaled": 100.0, "validating_loss_bbox_unscaled": 0.7302017211914062, "validating_loss_giou_unscaled": 1.5304467678070068, "validating_cardinality_error_unscaled": 13.0, "validating_loss_ce_0_unscaled": 2.948352336883545, "validating_loss_bbox_0_unscaled": 0.6598710417747498, "validating_loss_giou_0_unscaled": 1.6271885633468628, "validating_cardinality_error_0_unscaled": 13.0, "validating_loss_ce_1_unscaled": 2.8755710124969482, "validating_loss_bbox_1_unscaled": 0.8166539669036865, "validating_loss_giou_1_unscaled": 1.607454776763916, "validating_cardinality_error_1_unscaled": 13.0, "validating_loss_ce_2_unscaled": 2.865638017654419, "validating_loss_bbox_2_unscaled": 0.7050886154174805, "validating_loss_giou_2_unscaled": 1.6133311986923218, "validating_cardinality_error_2_unscaled": 13.0, "validating_loss_ce_3_unscaled": 2.877974033355713, "validating_loss_bbox_3_unscaled": 0.7295737862586975, "validating_loss_giou_3_unscaled": 1.6639776229858398, "validating_cardinality_error_3_unscaled": 13.0, "validating_loss_ce_4_unscaled": 2.8422164916992188, "validating_loss_bbox_4_unscaled": 0.6815750002861023, "validating_loss_giou_4_unscaled": 1.4440701007843018, "validating_cardinality_error_4_unscaled": 13.0, "AP_IoU=0.5:0.95": 5.770969472291432e-09, "AP_IoU=0.5": 1.7142523402415818e-08, "AP_IoU=0.75": 4.72761179159042e-09, "AP_small": 0.0, "AP_medium": 3.710384005605444e-08, "AP_large": 0.0, "_wandb": {"runtime": 1628}}