{"training_lr": 0.0001, "training_class_error": 100.0, "training_loss": 29.418855667114258, "training_loss_ce": 2.1089589595794678, "training_loss_bbox": 0.9906833171844482, "training_loss_giou": 1.7465808391571045, "training_loss_ce_0": 2.171855926513672, "training_loss_bbox_0": 1.0455914735794067, "training_loss_giou_0": 1.6305944919586182, "training_loss_ce_1": 2.2527670860290527, "training_loss_bbox_1": 1.0237350463867188, "training_loss_giou_1": 1.6755304336547852, "training_loss_ce_2": 2.1708009243011475, "training_loss_bbox_2": 1.1319434642791748, "training_loss_giou_2": 1.7831721305847168, "training_loss_ce_3": 2.0858287811279297, "training_loss_bbox_3": 1.055221438407898, "training_loss_giou_3": 1.7071027755737305, "training_loss_ce_4": 2.1375484466552734, "training_loss_bbox_4": 1.0771982669830322, "training_loss_giou_4": 1.6237449645996094, "training_loss_ce_unscaled": 2.1089589595794678, "training_class_error_unscaled": 100.0, "training_loss_bbox_unscaled": 0.19813665747642517, "training_loss_giou_unscaled": 0.8732904195785522, "training_cardinality_error_unscaled": 5.5, "training_loss_ce_0_unscaled": 2.171855926513672, "training_loss_bbox_0_unscaled": 0.2091182917356491, "training_loss_giou_0_unscaled": 0.8152972459793091, "training_cardinality_error_0_unscaled": 4.75, "training_loss_ce_1_unscaled": 2.2527670860290527, "training_loss_bbox_1_unscaled": 0.2047470211982727, "training_loss_giou_1_unscaled": 0.8377652168273926, "training_cardinality_error_1_unscaled": 5.5, "training_loss_ce_2_unscaled": 2.1708009243011475, "training_loss_bbox_2_unscaled": 0.22638869285583496, "training_loss_giou_2_unscaled": 0.8915860652923584, "training_cardinality_error_2_unscaled": 5.75, "training_loss_ce_3_unscaled": 2.0858287811279297, "training_loss_bbox_3_unscaled": 0.2110442817211151, "training_loss_giou_3_unscaled": 0.8535513877868652, "training_cardinality_error_3_unscaled": 5.5, "training_loss_ce_4_unscaled": 2.1375484466552734, "training_loss_bbox_4_unscaled": 0.21543966233730316, "training_loss_giou_4_unscaled": 0.8118724822998047, "training_cardinality_error_4_unscaled": 6.0, "_timestamp": 1695108513.4947324, "_runtime": 268.08888244628906, "_step": 112}