{"training_lr": 0.0001, "training_class_error": 100.0, "training_loss": 30.20496940612793, "training_loss_ce": 1.4995814561843872, "training_loss_bbox": 2.0467844009399414, "training_loss_giou": 1.287147045135498, "training_loss_ce_0": 1.545989990234375, "training_loss_bbox_0": 2.2365169525146484, "training_loss_giou_0": 1.251836895942688, "training_loss_ce_1": 1.5270406007766724, "training_loss_bbox_1": 2.448485851287842, "training_loss_giou_1": 1.342346429824829, "training_loss_ce_2": 1.5818555355072021, "training_loss_bbox_2": 2.132227897644043, "training_loss_giou_2": 1.4067027568817139, "training_loss_ce_3": 1.4964674711227417, "training_loss_bbox_3": 2.185851812362671, "training_loss_giou_3": 1.3417470455169678, "training_loss_ce_4": 1.4852417707443237, "training_loss_bbox_4": 2.155487298965454, "training_loss_giou_4": 1.2336586713790894, "training_loss_ce_unscaled": 1.4995814561843872, "training_class_error_unscaled": 100.0, "training_loss_bbox_unscaled": 0.40935689210891724, "training_loss_giou_unscaled": 0.643573522567749, "training_cardinality_error_unscaled": 3.0, "training_loss_ce_0_unscaled": 1.545989990234375, "training_loss_bbox_0_unscaled": 0.4473033845424652, "training_loss_giou_0_unscaled": 0.625918447971344, "training_cardinality_error_0_unscaled": 3.0, "training_loss_ce_1_unscaled": 1.5270406007766724, "training_loss_bbox_1_unscaled": 0.4896971583366394, "training_loss_giou_1_unscaled": 0.6711732149124146, "training_cardinality_error_1_unscaled": 3.0, "training_loss_ce_2_unscaled": 1.5818555355072021, "training_loss_bbox_2_unscaled": 0.4264455735683441, "training_loss_giou_2_unscaled": 0.7033513784408569, "training_cardinality_error_2_unscaled": 3.0, "training_loss_ce_3_unscaled": 1.4964674711227417, "training_loss_bbox_3_unscaled": 0.4371703565120697, "training_loss_giou_3_unscaled": 0.6708735227584839, "training_cardinality_error_3_unscaled": 3.0, "training_loss_ce_4_unscaled": 1.4852417707443237, "training_loss_bbox_4_unscaled": 0.43109744787216187, "training_loss_giou_4_unscaled": 0.6168293356895447, "training_cardinality_error_4_unscaled": 3.0, "_timestamp": 1695108440.389025, "_runtime": 194.98317503929138, "_step": 81}