{"lr": 0.0001, "class_error": 100.0, "loss": 27.885520935058594, "loss_ce": 1.8485585451126099, "loss_bbox": 1.3180726766586304, "loss_giou": 1.6200639009475708, "loss_ce_0": 1.8698002099990845, "loss_bbox_0": 1.3292360305786133, "loss_giou_0": 1.6056112051010132, "loss_ce_1": 1.815116286277771, "loss_bbox_1": 1.2387884855270386, "loss_giou_1": 1.6105504035949707, "loss_ce_2": 1.805261254310608, "loss_bbox_2": 1.1592047214508057, "loss_giou_2": 1.467467188835144, "loss_ce_3": 1.869759202003479, "loss_bbox_3": 1.17635977268219, "loss_giou_3": 1.6155372858047485, "loss_ce_4": 1.8536094427108765, "loss_bbox_4": 1.2412147521972656, "loss_giou_4": 1.4413129091262817, "loss_ce_unscaled": 1.8485585451126099, "class_error_unscaled": 100.0, "loss_bbox_unscaled": 0.2636145353317261, "loss_giou_unscaled": 0.8100319504737854, "cardinality_error_unscaled": 1.75, "loss_ce_0_unscaled": 1.8698002099990845, "loss_bbox_0_unscaled": 0.26584720611572266, "loss_giou_0_unscaled": 0.8028056025505066, "cardinality_error_0_unscaled": 3.5, "loss_ce_1_unscaled": 1.815116286277771, "loss_bbox_1_unscaled": 0.247757688164711, "loss_giou_1_unscaled": 0.8052752017974854, "cardinality_error_1_unscaled": 3.0, "loss_ce_2_unscaled": 1.805261254310608, "loss_bbox_2_unscaled": 0.23184095323085785, "loss_giou_2_unscaled": 0.733733594417572, "cardinality_error_2_unscaled": 3.0, "loss_ce_3_unscaled": 1.869759202003479, "loss_bbox_3_unscaled": 0.23527194559574127, "loss_giou_3_unscaled": 0.8077686429023743, "cardinality_error_3_unscaled": 5.5, "loss_ce_4_unscaled": 1.8536094427108765, "loss_bbox_4_unscaled": 0.24824294447898865, "loss_giou_4_unscaled": 0.7206564545631409, "cardinality_error_4_unscaled": 3.25, "_timestamp": 1695103871.9917598, "_runtime": 843.7516958713531, "_step": 153, "AP_IoU=0.5:0.95": 1.8132391322662744e-09, "AP_IoU=0.5": 3.031663971820562e-09, "AP_IoU=0.75": 3.0098220123694054e-09, "AP_small": 0.0, "AP_medium": 1.881285051645512e-09, "AP_large": 0.0, "_wandb": {"runtime": 847}}