{"training_lr": 0.0001, "training_class_error": 100.0, "training_loss": 46.643096923828125, "training_loss_ce": 1.5655466318130493, "training_loss_bbox": 3.723759651184082, "training_loss_giou": 2.499437093734741, "training_loss_ce_0": 1.564029335975647, "training_loss_bbox_0": 3.693164825439453, "training_loss_giou_0": 2.4767520427703857, "training_loss_ce_1": 1.5225801467895508, "training_loss_bbox_1": 3.7314274311065674, "training_loss_giou_1": 2.466610908508301, "training_loss_ce_2": 1.5692671537399292, "training_loss_bbox_2": 3.729069471359253, "training_loss_giou_2": 2.471954822540283, "training_loss_ce_3": 1.636389970779419, "training_loss_bbox_3": 3.739922285079956, "training_loss_giou_3": 2.4819185733795166, "training_loss_ce_4": 1.5707260370254517, "training_loss_bbox_4": 3.726588487625122, "training_loss_giou_4": 2.473952531814575, "training_loss_ce_unscaled": 1.5655466318130493, "training_class_error_unscaled": 100.0, "training_loss_bbox_unscaled": 0.7447519302368164, "training_loss_giou_unscaled": 1.2497185468673706, "training_cardinality_error_unscaled": 4.5, "training_loss_ce_0_unscaled": 1.564029335975647, "training_loss_bbox_0_unscaled": 0.7386329770088196, "training_loss_giou_0_unscaled": 1.2383760213851929, "training_cardinality_error_0_unscaled": 4.5, "training_loss_ce_1_unscaled": 1.5225801467895508, "training_loss_bbox_1_unscaled": 0.7462854981422424, "training_loss_giou_1_unscaled": 1.2333054542541504, "training_cardinality_error_1_unscaled": 4.5, "training_loss_ce_2_unscaled": 1.5692671537399292, "training_loss_bbox_2_unscaled": 0.7458139061927795, "training_loss_giou_2_unscaled": 1.2359774112701416, "training_cardinality_error_2_unscaled": 4.5, "training_loss_ce_3_unscaled": 1.636389970779419, "training_loss_bbox_3_unscaled": 0.7479844689369202, "training_loss_giou_3_unscaled": 1.2409592866897583, "training_cardinality_error_3_unscaled": 4.5, "training_loss_ce_4_unscaled": 1.5707260370254517, "training_loss_bbox_4_unscaled": 0.7453176975250244, "training_loss_giou_4_unscaled": 1.2369762659072876, "training_cardinality_error_4_unscaled": 4.5, "_timestamp": 1695106812.2788095, "_runtime": 46.71956753730774, "_step": 2, "_wandb": {"runtime": 54}}