{"lr": 0.0001, "class_error": 100.0, "loss": 53.7924919128418, "loss_ce": 2.3599696159362793, "loss_bbox": 3.388378620147705, "loss_giou": 3.0111782550811768, "loss_ce_0": 2.235366106033325, "loss_bbox_0": 3.618091583251953, "loss_giou_0": 3.1448121070861816, "loss_ce_1": 2.3229119777679443, "loss_bbox_1": 3.4373488426208496, "loss_giou_1": 3.1220903396606445, "loss_ce_2": 2.364736557006836, "loss_bbox_2": 3.738781213760376, "loss_giou_2": 3.0045533180236816, "loss_ce_3": 2.3650310039520264, "loss_bbox_3": 4.073424816131592, "loss_giou_3": 2.950467109680176, "loss_ce_4": 2.3653838634490967, "loss_bbox_4": 3.4203407764434814, "loss_giou_4": 2.869621515274048, "loss_ce_unscaled": 2.3599696159362793, "class_error_unscaled": 100.0, "loss_bbox_unscaled": 0.677675724029541, "loss_giou_unscaled": 1.5055891275405884, "cardinality_error_unscaled": 7.5, "loss_ce_0_unscaled": 2.235366106033325, "loss_bbox_0_unscaled": 0.7236183285713196, "loss_giou_0_unscaled": 1.5724060535430908, "cardinality_error_0_unscaled": 7.5, "loss_ce_1_unscaled": 2.3229119777679443, "loss_bbox_1_unscaled": 0.6874697804450989, "loss_giou_1_unscaled": 1.5610451698303223, "cardinality_error_1_unscaled": 7.5, "loss_ce_2_unscaled": 2.364736557006836, "loss_bbox_2_unscaled": 0.7477562427520752, "loss_giou_2_unscaled": 1.5022766590118408, "cardinality_error_2_unscaled": 7.5, "loss_ce_3_unscaled": 2.3650310039520264, "loss_bbox_3_unscaled": 0.8146849870681763, "loss_giou_3_unscaled": 1.475233554840088, "cardinality_error_3_unscaled": 7.5, "loss_ce_4_unscaled": 2.3653838634490967, "loss_bbox_4_unscaled": 0.6840681433677673, "loss_giou_4_unscaled": 1.434810757637024, "cardinality_error_4_unscaled": 7.5, "_timestamp": 1695099897.345071, "_runtime": 296.48268818855286, "_step": 151, "_wandb": {"runtime": 1657}}