{"lr": 9.999999999999961e-05, "class_error": 100.0, "loss": 55.2773323059082, "loss_ce": 2.3008534908294678, "loss_bbox": 3.5699570178985596, "loss_giou": 2.917786121368408, "loss_ce_0": 2.331364870071411, "loss_bbox_0": 3.8318185806274414, "loss_giou_0": 3.0532028675079346, "loss_ce_1": 2.30900502204895, "loss_bbox_1": 4.3254828453063965, "loss_giou_1": 3.0999701023101807, "loss_ce_2": 2.2936713695526123, "loss_bbox_2": 4.076567649841309, "loss_giou_2": 2.9313485622406006, "loss_ce_3": 2.2125425338745117, "loss_bbox_3": 4.0844645500183105, "loss_giou_3": 3.0230648517608643, "loss_ce_4": 2.232308864593506, "loss_bbox_4": 3.6713733673095703, "loss_giou_4": 3.0125529766082764, "loss_ce_unscaled": 2.3008534908294678, "class_error_unscaled": 100.0, "loss_bbox_unscaled": 0.7139914035797119, "loss_giou_unscaled": 1.458893060684204, "cardinality_error_unscaled": 7.5, "loss_ce_0_unscaled": 2.331364870071411, "loss_bbox_0_unscaled": 0.7663637399673462, "loss_giou_0_unscaled": 1.5266014337539673, "cardinality_error_0_unscaled": 7.5, "loss_ce_1_unscaled": 2.30900502204895, "loss_bbox_1_unscaled": 0.8650965690612793, "loss_giou_1_unscaled": 1.5499850511550903, "cardinality_error_1_unscaled": 7.5, "loss_ce_2_unscaled": 2.2936713695526123, "loss_bbox_2_unscaled": 0.8153135180473328, "loss_giou_2_unscaled": 1.4656742811203003, "cardinality_error_2_unscaled": 7.5, "loss_ce_3_unscaled": 2.2125425338745117, "loss_bbox_3_unscaled": 0.8168929219245911, "loss_giou_3_unscaled": 1.5115324258804321, "cardinality_error_3_unscaled": 7.5, "loss_ce_4_unscaled": 2.232308864593506, "loss_bbox_4_unscaled": 0.734274685382843, "loss_giou_4_unscaled": 1.5062764883041382, "cardinality_error_4_unscaled": 7.5, "_timestamp": 1695098734.0830207, "_runtime": 888.7072646617889, "_step": 152, "_wandb": {"runtime": 1039}}