{"lr": 0.0001, "class_error": 100.0, "loss": 34.31505584716797, "loss_ce": 2.171992301940918, "loss_bbox": 1.822134017944336, "loss_giou": 1.9826174974441528, "loss_ce_0": 2.1375370025634766, "loss_bbox_0": 1.8916666507720947, "loss_giou_0": 2.1835525035858154, "loss_ce_1": 2.1182305812835693, "loss_bbox_1": 1.6396729946136475, "loss_giou_1": 1.9535224437713623, "loss_ce_2": 2.207787036895752, "loss_bbox_2": 1.5981781482696533, "loss_giou_2": 1.8960517644882202, "loss_ce_3": 2.2287580966949463, "loss_bbox_3": 1.4936800003051758, "loss_giou_3": 1.664385437965393, "loss_ce_4": 2.183492660522461, "loss_bbox_4": 1.4626061916351318, "loss_giou_4": 1.679193377494812, "loss_ce_unscaled": 2.171992301940918, "class_error_unscaled": 100.0, "loss_bbox_unscaled": 0.36442679166793823, "loss_giou_unscaled": 0.9913087487220764, "cardinality_error_unscaled": 8.5, "loss_ce_0_unscaled": 2.1375370025634766, "loss_bbox_0_unscaled": 0.37833333015441895, "loss_giou_0_unscaled": 1.0917762517929077, "cardinality_error_0_unscaled": 8.25, "loss_ce_1_unscaled": 2.1182305812835693, "loss_bbox_1_unscaled": 0.327934592962265, "loss_giou_1_unscaled": 0.9767612218856812, "cardinality_error_1_unscaled": 8.5, "loss_ce_2_unscaled": 2.207787036895752, "loss_bbox_2_unscaled": 0.31963562965393066, "loss_giou_2_unscaled": 0.9480258822441101, "cardinality_error_2_unscaled": 8.5, "loss_ce_3_unscaled": 2.2287580966949463, "loss_bbox_3_unscaled": 0.29873600602149963, "loss_giou_3_unscaled": 0.8321927189826965, "cardinality_error_3_unscaled": 8.5, "loss_ce_4_unscaled": 2.183492660522461, "loss_bbox_4_unscaled": 0.29252123832702637, "loss_giou_4_unscaled": 0.839596688747406, "cardinality_error_4_unscaled": 8.25, "_timestamp": 1695097176.0924027, "_runtime": 64.03111577033997, "_step": 25, "_wandb": {"runtime": 63}}