{"lr": 0.0001, "class_error": 100.0, "loss": 31.957151412963867, "loss_ce": 2.0857930183410645, "loss_bbox": 1.8326534032821655, "loss_giou": 1.524617075920105, "loss_ce_0": 2.0196712017059326, "loss_bbox_0": 1.8749033212661743, "loss_giou_0": 1.4691236019134521, "loss_ce_1": 2.1386971473693848, "loss_bbox_1": 1.6958839893341064, "loss_giou_1": 1.3768590688705444, "loss_ce_2": 2.166558027267456, "loss_bbox_2": 1.559328556060791, "loss_giou_2": 1.3814892768859863, "loss_ce_3": 2.0802531242370605, "loss_bbox_3": 1.666083812713623, "loss_giou_3": 1.4726431369781494, "loss_ce_4": 2.1255316734313965, "loss_bbox_4": 1.8826897144317627, "loss_giou_4": 1.604372262954712, "loss_ce_unscaled": 2.0857930183410645, "class_error_unscaled": 100.0, "loss_bbox_unscaled": 0.3665306866168976, "loss_giou_unscaled": 0.7623085379600525, "cardinality_error_unscaled": 4.0, "loss_ce_0_unscaled": 2.0196712017059326, "loss_bbox_0_unscaled": 0.3749806582927704, "loss_giou_0_unscaled": 0.7345618009567261, "cardinality_error_0_unscaled": 4.5, "loss_ce_1_unscaled": 2.1386971473693848, "loss_bbox_1_unscaled": 0.33917680382728577, "loss_giou_1_unscaled": 0.6884295344352722, "cardinality_error_1_unscaled": 4.0, "loss_ce_2_unscaled": 2.166558027267456, "loss_bbox_2_unscaled": 0.3118657171726227, "loss_giou_2_unscaled": 0.6907446384429932, "cardinality_error_2_unscaled": 4.25, "loss_ce_3_unscaled": 2.0802531242370605, "loss_bbox_3_unscaled": 0.33321675658226013, "loss_giou_3_unscaled": 0.7363215684890747, "cardinality_error_3_unscaled": 4.5, "loss_ce_4_unscaled": 2.1255316734313965, "loss_bbox_4_unscaled": 0.376537948846817, "loss_giou_4_unscaled": 0.802186131477356, "cardinality_error_4_unscaled": 4.25, "_timestamp": 1695102003.3433719, "_runtime": 695.527893781662, "_step": 157, "epoch": 0, "IoU=0.5:0.95": 3.5314295845254177e-09, "IoU=0.5": 1.699875632409421e-08, "IoU=0.75": 3.387956130358903e-10, "small": 0.0, "medium": 1.4819722816282788e-09, "large": 1.104502751104033e-08, "coco_eval_bbox": [3.5314295845254177e-09, 1.699875632409421e-08, 3.387956130358903e-10, 0.0, 1.4819722816282788e-09, 1.104502751104033e-08, 1.4498468961677646e-05, 1.4498468961677646e-05, 1.4498468961677646e-05, 0.0, 7.050765511684126e-06, 4.73415877640204e-05], "_wandb": {"runtime": 697}}