{"training_lr": 0.0001, "training_class_error": 100.0, "training_loss": 21.631607055664062, "training_loss_ce": 0.9005779027938843, "training_loss_bbox": 2.143730401992798, "training_loss_giou": 0.9049162864685059, "training_loss_ce_0": 0.9123950600624084, "training_loss_bbox_0": 1.8357031345367432, "training_loss_giou_0": 0.8773345947265625, "training_loss_ce_1": 0.8923026323318481, "training_loss_bbox_1": 1.722571611404419, "training_loss_giou_1": 0.7727436423301697, "training_loss_ce_2": 0.9079867005348206, "training_loss_bbox_2": 1.8109577894210815, "training_loss_giou_2": 0.7964434623718262, "training_loss_ce_3": 0.9618167877197266, "training_loss_bbox_3": 1.5796184539794922, "training_loss_giou_3": 0.7381606101989746, "training_loss_ce_4": 1.0026021003723145, "training_loss_bbox_4": 2.001129627227783, "training_loss_giou_4": 0.8706168532371521, "training_loss_ce_unscaled": 0.9005779027938843, "training_class_error_unscaled": 100.0, "training_loss_bbox_unscaled": 0.4287460744380951, "training_loss_giou_unscaled": 0.45245814323425293, "training_cardinality_error_unscaled": 1.5, "training_loss_ce_0_unscaled": 0.9123950600624084, "training_loss_bbox_0_unscaled": 0.36714062094688416, "training_loss_giou_0_unscaled": 0.43866729736328125, "training_cardinality_error_0_unscaled": 1.5, "training_loss_ce_1_unscaled": 0.8923026323318481, "training_loss_bbox_1_unscaled": 0.34451431035995483, "training_loss_giou_1_unscaled": 0.38637182116508484, "training_cardinality_error_1_unscaled": 1.5, "training_loss_ce_2_unscaled": 0.9079867005348206, "training_loss_bbox_2_unscaled": 0.3621915578842163, "training_loss_giou_2_unscaled": 0.3982217311859131, "training_cardinality_error_2_unscaled": 1.5, "training_loss_ce_3_unscaled": 0.9618167877197266, "training_loss_bbox_3_unscaled": 0.31592369079589844, "training_loss_giou_3_unscaled": 0.3690803050994873, "training_cardinality_error_3_unscaled": 1.5, "training_loss_ce_4_unscaled": 1.0026021003723145, "training_loss_bbox_4_unscaled": 0.4002259373664856, "training_loss_giou_4_unscaled": 0.43530842661857605, "training_cardinality_error_4_unscaled": 1.5, "_timestamp": 1695107288.020149, "_runtime": 347.68572092056274, "_step": 78, "validating_class_error": 100.0, "validating_loss": 59.0917854309082, "validating_loss_ce": 3.0600500106811523, "validating_loss_bbox": 3.6928436756134033, "validating_loss_giou": 2.8990743160247803, "validating_loss_ce_0": 3.223992109298706, "validating_loss_bbox_0": 3.3196029663085938, "validating_loss_giou_0": 3.03568959236145, "validating_loss_ce_1": 3.1297574043273926, "validating_loss_bbox_1": 3.467512607574463, "validating_loss_giou_1": 2.8882570266723633, "validating_loss_ce_2": 3.0920615196228027, "validating_loss_bbox_2": 3.7769088745117188, "validating_loss_giou_2": 3.0019514560699463, "validating_loss_ce_3": 3.089552640914917, "validating_loss_bbox_3": 4.339985370635986, "validating_loss_giou_3": 3.0360193252563477, "validating_loss_ce_4": 3.1695878505706787, "validating_loss_bbox_4": 3.865645408630371, "validating_loss_giou_4": 3.0032882690429688, "validating_loss_ce_unscaled": 3.0600500106811523, "validating_class_error_unscaled": 100.0, "validating_loss_bbox_unscaled": 0.7385687232017517, "validating_loss_giou_unscaled": 1.4495371580123901, "validating_cardinality_error_unscaled": 13.0, "validating_loss_ce_0_unscaled": 3.223992109298706, "validating_loss_bbox_0_unscaled": 0.6639205813407898, "validating_loss_giou_0_unscaled": 1.517844796180725, "validating_cardinality_error_0_unscaled": 13.0, "validating_loss_ce_1_unscaled": 3.1297574043273926, "validating_loss_bbox_1_unscaled": 0.6935025453567505, "validating_loss_giou_1_unscaled": 1.4441285133361816, "validating_cardinality_error_1_unscaled": 13.0, "validating_loss_ce_2_unscaled": 3.0920615196228027, "validating_loss_bbox_2_unscaled": 0.7553817629814148, "validating_loss_giou_2_unscaled": 1.5009757280349731, "validating_cardinality_error_2_unscaled": 13.0, "validating_loss_ce_3_unscaled": 3.089552640914917, "validating_loss_bbox_3_unscaled": 0.8679970502853394, "validating_loss_giou_3_unscaled": 1.5180096626281738, "validating_cardinality_error_3_unscaled": 13.0, "validating_loss_ce_4_unscaled": 3.1695878505706787, "validating_loss_bbox_4_unscaled": 0.7731291055679321, "validating_loss_giou_4_unscaled": 1.5016441345214844, "validating_cardinality_error_4_unscaled": 13.0, "AP_IoU=0.5:0.95": 2.5896303260897877e-09, "AP_IoU=0.5": 1.3817817730241347e-08, "AP_IoU=0.75": 0.0, "AP_small": 0.0, "AP_medium": 1.550924243404815e-09, "AP_large": 1.2772049964678641e-08, "_wandb": {"runtime": 354}}