{"lr": 0.0001, "class_error": 100.0, "loss": 34.15275192260742, "loss_ce": 2.155125141143799, "loss_bbox": 1.5379751920700073, "loss_giou": 1.9766148328781128, "loss_ce_0": 2.1559062004089355, "loss_bbox_0": 2.112820863723755, "loss_giou_0": 2.402435302734375, "loss_ce_1": 2.178873300552368, "loss_bbox_1": 1.4824498891830444, "loss_giou_1": 1.811257004737854, "loss_ce_2": 2.1746482849121094, "loss_bbox_2": 1.5509241819381714, "loss_giou_2": 1.9610412120819092, "loss_ce_3": 2.1364247798919678, "loss_bbox_3": 1.5582741498947144, "loss_giou_3": 1.9661486148834229, "loss_ce_4": 2.097553253173828, "loss_bbox_4": 1.258885383605957, "loss_giou_4": 1.6353950500488281, "loss_ce_unscaled": 2.155125141143799, "class_error_unscaled": 100.0, "loss_bbox_unscaled": 0.30759504437446594, "loss_giou_unscaled": 0.9883074164390564, "cardinality_error_unscaled": 8.0, "loss_ce_0_unscaled": 2.1559062004089355, "loss_bbox_0_unscaled": 0.42256417870521545, "loss_giou_0_unscaled": 1.2012176513671875, "cardinality_error_0_unscaled": 8.25, "loss_ce_1_unscaled": 2.178873300552368, "loss_bbox_1_unscaled": 0.29648998379707336, "loss_giou_1_unscaled": 0.905628502368927, "cardinality_error_1_unscaled": 8.5, "loss_ce_2_unscaled": 2.1746482849121094, "loss_bbox_2_unscaled": 0.3101848363876343, "loss_giou_2_unscaled": 0.9805206060409546, "cardinality_error_2_unscaled": 8.25, "loss_ce_3_unscaled": 2.1364247798919678, "loss_bbox_3_unscaled": 0.31165483593940735, "loss_giou_3_unscaled": 0.9830743074417114, "cardinality_error_3_unscaled": 8.5, "loss_ce_4_unscaled": 2.097553253173828, "loss_bbox_4_unscaled": 0.2517770826816559, "loss_giou_4_unscaled": 0.8176975250244141, "cardinality_error_4_unscaled": 6.25, "_timestamp": 1695097288.0782964, "_runtime": 63.58315944671631, "_step": 25, "_wandb": {"runtime": 591}}