{"lr": 9.999999999999961e-05, "class_error": 100.0, "loss": 52.511756896972656, "loss_ce": 2.2489259243011475, "loss_bbox": 3.656963348388672, "loss_giou": 3.2577550411224365, "loss_ce_0": 2.359004020690918, "loss_bbox_0": 2.9756884574890137, "loss_giou_0": 3.1253154277801514, "loss_ce_1": 2.2701070308685303, "loss_bbox_1": 3.547257423400879, "loss_giou_1": 3.276581048965454, "loss_ce_2": 2.2270305156707764, "loss_bbox_2": 3.1512746810913086, "loss_giou_2": 3.182079315185547, "loss_ce_3": 2.216099262237549, "loss_bbox_3": 3.166029691696167, "loss_giou_3": 3.1729977130889893, "loss_ce_4": 2.2562270164489746, "loss_bbox_4": 3.2440268993377686, "loss_giou_4": 3.178396463394165, "loss_ce_unscaled": 2.2489259243011475, "class_error_unscaled": 100.0, "loss_bbox_unscaled": 0.7313926815986633, "loss_giou_unscaled": 1.6288775205612183, "cardinality_error_unscaled": 7.5, "loss_ce_0_unscaled": 2.359004020690918, "loss_bbox_0_unscaled": 0.5951377153396606, "loss_giou_0_unscaled": 1.5626577138900757, "cardinality_error_0_unscaled": 7.5, "loss_ce_1_unscaled": 2.2701070308685303, "loss_bbox_1_unscaled": 0.7094514966011047, "loss_giou_1_unscaled": 1.638290524482727, "cardinality_error_1_unscaled": 7.5, "loss_ce_2_unscaled": 2.2270305156707764, "loss_bbox_2_unscaled": 0.6302549242973328, "loss_giou_2_unscaled": 1.5910396575927734, "cardinality_error_2_unscaled": 7.5, "loss_ce_3_unscaled": 2.216099262237549, "loss_bbox_3_unscaled": 0.6332059502601624, "loss_giou_3_unscaled": 1.5864988565444946, "cardinality_error_3_unscaled": 7.5, "loss_ce_4_unscaled": 2.2562270164489746, "loss_bbox_4_unscaled": 0.6488053798675537, "loss_giou_4_unscaled": 1.5891982316970825, "cardinality_error_4_unscaled": 7.5, "_timestamp": 1695099285.4850008, "_runtime": 346.64369893074036, "_step": 152, "_wandb": {"runtime": 621}}