{"lr": 0.0001, "class_error": 100.0, "loss": 58.356842041015625, "loss_ce": 2.9066903591156006, "loss_bbox": 3.29176664352417, "loss_giou": 3.3428287506103516, "loss_ce_0": 3.070366621017456, "loss_bbox_0": 3.001810073852539, "loss_giou_0": 3.28794002532959, "loss_ce_1": 3.1728174686431885, "loss_bbox_1": 3.6936557292938232, "loss_giou_1": 3.2692790031433105, "loss_ce_2": 2.9967308044433594, "loss_bbox_2": 3.405646324157715, "loss_giou_2": 3.2632148265838623, "loss_ce_3": 2.9767234325408936, "loss_bbox_3": 3.65384840965271, "loss_giou_3": 3.220010757446289, "loss_ce_4": 3.006856679916382, "loss_bbox_4": 3.5156428813934326, "loss_giou_4": 3.281022787094116, "loss_ce_unscaled": 2.9066903591156006, "class_error_unscaled": 100.0, "loss_bbox_unscaled": 0.658353328704834, "loss_giou_unscaled": 1.6714143753051758, "cardinality_error_unscaled": 13.0, "loss_ce_0_unscaled": 3.070366621017456, "loss_bbox_0_unscaled": 0.6003620028495789, "loss_giou_0_unscaled": 1.643970012664795, "cardinality_error_0_unscaled": 13.0, "loss_ce_1_unscaled": 3.1728174686431885, "loss_bbox_1_unscaled": 0.7387311458587646, "loss_giou_1_unscaled": 1.6346395015716553, "cardinality_error_1_unscaled": 13.0, "loss_ce_2_unscaled": 2.9967308044433594, "loss_bbox_2_unscaled": 0.6811292767524719, "loss_giou_2_unscaled": 1.6316074132919312, "cardinality_error_2_unscaled": 13.0, "loss_ce_3_unscaled": 2.9767234325408936, "loss_bbox_3_unscaled": 0.730769693851471, "loss_giou_3_unscaled": 1.6100053787231445, "cardinality_error_3_unscaled": 13.0, "loss_ce_4_unscaled": 3.006856679916382, "loss_bbox_4_unscaled": 0.7031285762786865, "loss_giou_4_unscaled": 1.640511393547058, "cardinality_error_4_unscaled": 13.0, "_timestamp": 1695102886.7503479, "_runtime": 480.1858608722687, "_step": 152, "AP_IoU=0.5:0.95": 0.0, "AP_IoU=0.5": 0.0, "AP_IoU=0.75": 0.0, "AP_small": 0.0, "AP_medium": 0.0, "AP_large": 0.0, "_wandb": {"runtime": 580}}