{"training_lr": 0.0001, "training_class_error": 91.66666412353516, "training_loss": 26.401029586791992, "training_loss_ce": 1.5109401941299438, "training_loss_bbox": 1.222663164138794, "training_loss_giou": 1.5285190343856812, "training_loss_ce_0": 1.6210191249847412, "training_loss_bbox_0": 1.2131884098052979, "training_loss_giou_0": 1.5935168266296387, "training_loss_ce_1": 1.603065848350525, "training_loss_bbox_1": 1.2640867233276367, "training_loss_giou_1": 1.637056827545166, "training_loss_ce_2": 1.5742006301879883, "training_loss_bbox_2": 1.1416562795639038, "training_loss_giou_2": 1.6035053730010986, "training_loss_ce_3": 1.5482362508773804, "training_loss_bbox_3": 1.2172603607177734, "training_loss_giou_3": 1.6178487539291382, "training_loss_ce_4": 1.5298793315887451, "training_loss_bbox_4": 1.3661234378814697, "training_loss_giou_4": 1.6082630157470703, "training_loss_ce_unscaled": 1.5109401941299438, "training_class_error_unscaled": 91.66666412353516, "training_loss_bbox_unscaled": 0.24453262984752655, "training_loss_giou_unscaled": 0.7642595171928406, "training_cardinality_error_unscaled": 3.0, "training_loss_ce_0_unscaled": 1.6210191249847412, "training_loss_bbox_0_unscaled": 0.24263767898082733, "training_loss_giou_0_unscaled": 0.7967584133148193, "training_cardinality_error_0_unscaled": 2.5, "training_loss_ce_1_unscaled": 1.603065848350525, "training_loss_bbox_1_unscaled": 0.2528173327445984, "training_loss_giou_1_unscaled": 0.818528413772583, "training_cardinality_error_1_unscaled": 3.0, "training_loss_ce_2_unscaled": 1.5742006301879883, "training_loss_bbox_2_unscaled": 0.22833125293254852, "training_loss_giou_2_unscaled": 0.8017526865005493, "training_cardinality_error_2_unscaled": 2.25, "training_loss_ce_3_unscaled": 1.5482362508773804, "training_loss_bbox_3_unscaled": 0.2434520721435547, "training_loss_giou_3_unscaled": 0.8089243769645691, "training_cardinality_error_3_unscaled": 1.75, "training_loss_ce_4_unscaled": 1.5298793315887451, "training_loss_bbox_4_unscaled": 0.27322468161582947, "training_loss_giou_4_unscaled": 0.8041315078735352, "training_cardinality_error_4_unscaled": 3.0, "_timestamp": 1695107975.7443907, "_runtime": 590.0734746456146, "_step": 281, "validating_class_error": 100.0, "validating_loss": 57.10430145263672, "validating_loss_ce": 2.9179763793945312, "validating_loss_bbox": 3.302197217941284, "validating_loss_giou": 3.001915454864502, "validating_loss_ce_0": 3.1434381008148193, "validating_loss_bbox_0": 3.4610323905944824, "validating_loss_giou_0": 2.9355599880218506, "validating_loss_ce_1": 3.192638874053955, "validating_loss_bbox_1": 3.826169490814209, "validating_loss_giou_1": 3.027003526687622, "validating_loss_ce_2": 3.0632617473602295, "validating_loss_bbox_2": 3.4561638832092285, "validating_loss_giou_2": 3.0650691986083984, "validating_loss_ce_3": 3.0393857955932617, "validating_loss_bbox_3": 3.382607936859131, "validating_loss_giou_3": 2.7213125228881836, "validating_loss_ce_4": 3.0523574352264404, "validating_loss_bbox_4": 3.350461483001709, "validating_loss_giou_4": 3.1657521724700928, "validating_loss_ce_unscaled": 2.9179763793945312, "validating_class_error_unscaled": 100.0, "validating_loss_bbox_unscaled": 0.6604394316673279, "validating_loss_giou_unscaled": 1.500957727432251, "validating_cardinality_error_unscaled": 13.0, "validating_loss_ce_0_unscaled": 3.1434381008148193, "validating_loss_bbox_0_unscaled": 0.6922065019607544, "validating_loss_giou_0_unscaled": 1.4677799940109253, "validating_cardinality_error_0_unscaled": 13.0, "validating_loss_ce_1_unscaled": 3.192638874053955, "validating_loss_bbox_1_unscaled": 0.7652338743209839, "validating_loss_giou_1_unscaled": 1.513501763343811, "validating_cardinality_error_1_unscaled": 13.0, "validating_loss_ce_2_unscaled": 3.0632617473602295, "validating_loss_bbox_2_unscaled": 0.6912328004837036, "validating_loss_giou_2_unscaled": 1.5325345993041992, "validating_cardinality_error_2_unscaled": 13.0, "validating_loss_ce_3_unscaled": 3.0393857955932617, "validating_loss_bbox_3_unscaled": 0.6765215992927551, "validating_loss_giou_3_unscaled": 1.3606562614440918, "validating_cardinality_error_3_unscaled": 13.0, "validating_loss_ce_4_unscaled": 3.0523574352264404, "validating_loss_bbox_4_unscaled": 0.6700922846794128, "validating_loss_giou_4_unscaled": 1.5828760862350464, "validating_cardinality_error_4_unscaled": 13.0, "AP_IoU=0.5:0.95": 1.4026410255865163e-09, "AP_IoU=0.5": 7.0212318540651005e-09, "AP_IoU=0.75": 0.0, "AP_small": 0.0, "AP_medium": 1.4065370628100938e-09, "AP_large": 0.0, "_wandb": {"runtime": 591}}